event_id,title,file_location
63,Song Solutions,server/files/htoobggjogmkrmsqbsnihrsqrmyfddgfsvo.fic
14,Song Base,server/files/xpktgfcrlmghhywcpvtyyzrfqkvlewcmdmb.fic
33,Song Lab,server/files/xnlcrdrkjmekmpjxmvdtdyybioztylkoxab.fic
100,Song Click,server/files/ppdgnapleexfilyfpuvyoqkefghyoiuqkpp.fic
14,Song Atlas,server/files/xewrpznbsgteslsjblbpwnvkrdsqcemddol.fic
38,Songise,server/files/nqlwoiboezmkmoqjhfimxtohrhlixzqfqkt.fic
26,Songeable,server/files/nqlwoiboezmkmoqjhfimxtohrhlixzqfqkt.fic
15,Song Specials,server/files/mwtahmffigrrkqfuajdakrqsldzssyfqlhx.fic
60,Listenly,server/files/vdvetprscwxamgbiwnruyxkzckrdgfjaekj.fic
62,Listenity,server/files/vdvetprscwxamgbiwnruyxkzckrdgfjaekj.fic
63,Listenian,server/files/vdvetprscwxamgbiwnruyxkzckrdgfjaekj.fic
17,Listenid,server/files/kageqmgwemurmfgpwmrqbshifneuzexzjbk.fic
66,Listen Logic,server/files/iajzimvwvcdqvohovkwexbxivxinnnjydrz.fic
37,Enlisten,server/files/zdemodvpkwzqygtrlcawodgqfqqduzbbhqo.fic
84,Listen Mark,server/files/cyjjywsetkvgkbajdoimkchoizzffjpvciv.fic
5,Listenist,server/files/vdvetprscwxamgbiwnruyxkzckrdgfjaekj.fic
38,Listen Play,server/files/bcadexkiamdkdoqbelxjjefyxpixvfkgxrs.fic
54,Musical Design,server/files/jqzxkipwhoqosrtjauxlcumcscvfypdtmgc.fic
14,Musical Focus,server/files/xibbvwicbhrnlhwtmgxzelgkpkpatqlbsxi.fic
18,Musical Flow,server/files/yzcbtnknnycisgwaixkzheaqupdtdalerok.fic
9,Musical Press,server/files/ytzategtgzesgcvcuufoydmcircbgxlnmjo.fic
81,Musical Space,server/files/wlwzyxiairplpmfyqjucbmytysderrovkkw.fic
60,Meta Musical,server/files/xlaryjjnpclfwlnpmoxduvuydhlxegsdxin.fic
55,Musical Vibe,server/files/mnswkzrurvbcxqeuljiqzrjtkriyeopgpas.fic
18,The Musical Project,server/files/goqsmrptkksrekyrpwmmumtoavvccfmjemy.fic
31,Musical Solutions,server/files/wrouzbnqnzlullfdlvgqfckmuarkgochpkj.fic
49,Musical Grid,server/files/xibbvwicbhrnlhwtmgxzelgkpkpatqlbsxi.fic
84,The Musical Studio,server/files/xmpipoenlkdvqbmauqbmhjpasddsuvqthem.fic
4,Harmony Glow,server/files/cdsunnrimhweafwlcjsibkkfrthwbqftgwr.fic
62,Harmony Center,server/files/xibbvwicbhrnlhwtmgxzelgkpkpatqlbsxi.fic
36,Harmony Load,server/files/xibbvwicbhrnlhwtmgxzelgkpkpatqlbsxi.fic
80,Harmony Dock,server/files/mentdsudebekgopoextcbzjswdlifsxtuvt.fic
84,The Harmony Club,server/files/tatploglsxpntgwpxeebobvjetmgdmyvgmb.fic
14,Harmony Hub,server/files/zrexxmgrdcyprbjnnifvzsbaorgfrrnztux.fic
36,Harmony Click,server/files/cjamogmbledjodmyiohjkhrnepuqznxzcgh.fic
53,Harmony Blend,server/files/ytvulcnlzzouxskypniptrinohjgeffyejb.fic
4,Upharmony,server/files/mentdsudebekgopoextcbzjswdlifsxtuvt.fic
9,Harmony Plus,server/files/qeyauqbtqgtvmfxpgdrtmeemiytogkmodrm.fic
31,Real Harmony,server/files/egycxymfrulzfvonzfjbizwumxuydvyuirw.fic
63,Harmony Value,server/files/quspyniohsdxumssyjgsetxsokartfujudx.fic
89,Composeium,server/files/gaeszwmbejebabrbonsebhkgyqaquatgydp.fic
27,Start Compose,server/files/uykpuriasekyuaswfdonvmjvfbcbrstccib.fic
93,Orchestra Lab,server/files/ycrfujfrezjuizxdnmbvvgesdctkbqyogna.fic
3,The Chords Factory,server/files/ddpqpfnzxxwizotlbalvinxyirkgnsbrday.fic
28,Chords Yard,server/files/nsqqkrbziozlfbhenighxxkrzhmmnpmubpv.fic
87,Chords Stock,server/files/rlsrrstamdjorfgebepnxqpcayygjhrxjhl.fic
55,Chordsify,server/files/ldhhjlbtksfillcpuwwevtvvmurkahjfeyb.fic
14,Chords Dash,server/files/skpoopijmpevnfhgnefmrhccmiqwyxjggcm.fic
54,Sheet Gram,server/files/eqoflspwsjavangcyurrdooiqtltqwezosl.fic
10,Ensheet,server/files/txmstmfeigakslcdslsdnaexkoakdqqgxtr.fic
28,Sheet Grid,server/files/wbsyifqkbterawajweubmgmplabwqgryyjk.fic
49,Musically Scape,server/files/xqdrgsckpibiqeqbuegvpjphxlcuvtriyix.fic
59,Domusically,server/files/mentdsudebekgopoextcbzjswdlifsxtuvt.fic
71,Musically Spot,server/files/lqnqjorhdgbnhuabgdzjtngyjamzjtnbfsd.fic
66,Gomusically,server/files/bulwwkefoarlemgybajtelndjnzaklnkraa.fic
63,Core Musically,server/files/mentdsudebekgopoextcbzjswdlifsxtuvt.fic
37,Musically Products,server/files/rfncasmtqxjsfshtyduugxwddhohijcrpoc.fic
89,Musically Fit,server/files/bcerboawdpltdscchzqwnwlyexismnjzwya.fic
79,Popium,server/files/zzvbfijkbplgsxgsndhupdlvwfiadlwxnjj.fic
38,Poper,server/files/zyrjdchmpxpgkoahnrnqtwdlhvlibqfwyhb.fic
9,Pop Push,server/files/nfemjfvihqfuyknqytzsabyflrnytehsauo.fic
99,Pop Plus,server/files/rjjcujxptoycafnfrzyqowuqrrwmyxvkzys.fic
38,Pop Scout,server/files/bidroqmlcrmtkkjgnlmdhwovnmrergipntc.fic
90,Genre Vibe,server/files/vhjsimtduuzbaopxiovbrqatptpxwakzdfr.fic
79,Jazz Scale,server/files/rqsikcmwimtklwckjkamzwwytqpkusnvuev.fic
27,Musician Storm,server/files/lqvglxkcbhdilnqbhyjdyzzyxwkpbbkmxxv.fic
49,Musicianness,server/files/qtvqmlfolunvpkpkjyvavaheobnlttobedq.fic
79,The Musician Group,server/files/gfldfukscvdtomxjmwvcevsjzhrbkefxasr.fic
53,Musicianary,server/files/acdciazgpxvwqdkesfyowkbydvxkuzlvkbe.fic
66,Singic,server/files/mentdsudebekgopoextcbzjswdlifsxtuvt.fic
27,Sing Fuel,server/files/sldatpquwzpxscfxdiuxtqzitzdcnahctmr.fic
21,Sing Spark,server/files/qstseizgxiffjfciyqpqewtpmbmkiafpjyy.fic
38,Sing Corp,server/files/ayiftwumxabxcsowbcblxyhzyihxmipqlnr.fic
81,Sing Work,server/files/ntjhjvpnrhsrdgwuyvwpmwmpcrsiuegkdww.fic
97,Sing Light,server/files/fkfxfgpnycaewxvofamsnxlyiqadyvzymrp.fic
4,Sing Hub,server/files/cnysfzzuycvlenoscopguuhwwmqsmcytzau.fic
20,Sing Aid,server/files/ckwcwqgnrehzfnygmdqxrydfulcnsfaxhna.fic
3,The Sing Connection,server/files/wygstaeekbhwzaasjtdbriqhpjyopjrcpbt.fic
15,Musicis,server/files/cvddbemxyloswlbrjazafgzaxlcehloksox.fic
56,Jazzism,server/files/sldatpquwzpxscfxdiuxtqzitzdcnahctmr.fic
36,Jazz Scale,server/files/vpbvevrqdskhlybmiyghinbvxmsgbhdwtdu.fic
55,Musician Storm,server/files/oamppmzhozcqtvfgpxmzzizplyshqviqzum.fic
97,Musicianness,server/files/mejdckspdjrfcyhzgvdcqkdeupxeucjnozv.fic
20,The Musician Group,server/files/fwuzzxxkzelflncsluadpjjplzlnpcnvgly.fic
97,Musicianary,server/files/imwtrtjdaehprlarzkvthwogmniyvhlhoug.fic
27,Singic,server/files/yzyejfbpnujfmyqpboegnwcdbcrfyngqryq.fic
26,Sing Fuel,server/files/sldatpquwzpxscfxdiuxtqzitzdcnahctmr.fic
100,Sing Spark,server/files/dlzyorkpoclyvmrrcmalhvnjirxjaywjssy.fic
15,Sing Corp,server/files/wyazojoulnvhvmiwqsirhyintmcrzdiderx.fic
3,Sing Work,server/files/erludlpxbmoehzlncmqwwjnvrsjsfixqvph.fic
59,Sing Light,server/files/ljcatdocvxzzkqrpqdggltosxhafebzyvgq.fic
79,Sing Hub,server/files/bajyfrhfbcrkabiduwgtpfktgtknxmglkiq.fic
89,Sing Aid,server/files/wztjummgwdivnxwzdmjumkhzrqurkwzludc.fic
33,The Sing Connection,server/files/mhhmrrzuknrfbzcpxozdxfzhkeynivbtiyv.fic
31,Musicis,server/files/uihlybynrjfdjvklkiwfqadqeeuqbkoeukh.fic
84,The Groove Group,server/files/shcdvjpiuinwjsyjkawuckwdjxwucmazygg.fic
14,Jazz Scale,server/files/wyazojoulnvhvmiwqsirhyintmcrzdiderx.fic
14,Musician Storm,server/files/dzaxedutebsqjugjkzsgzsdsyvkbqdgpxnw.fic
81,Musicianness,server/files/wxgfrczlkirxrcgncggurytxshtweapqvxv.fic
55,The Musician Group,server/files/kuphgjygagdygfeifuczkinhrgthbjpssmi.fic
97,Musicianary,server/files/wyazojoulnvhvmiwqsirhyintmcrzdiderx.fic
62,Singic,server/files/ckczljzveucarlusihshuldqcermkixzoxu.fic
71,Sing Fuel,server/files/fmtdrwnbcekusmqgdiinbtzaohxwynhqxqx.fic
11,Sing Spark,server/files/dtaqofvbicszqsqsrpboeoexpcpvocleqff.fic
18,Sing Corp,server/files/kheyelvmbrotncvjhytdnnljqunpusqytyr.fic
42,Sing Work,server/files/wyazojoulnvhvmiwqsirhyintmcrzdiderx.fic
92,Sing Light,server/files/cmrngmgqnxpjuonxzktpcwevbtvlywhhohj.fic
34,Sing Hub,server/files/aizwrzzhwqeocakzvubsqwhvwjisdjxhkvp.fic
30,Sing Aid,server/files/tpxstdoxqkbwywjursganacduqclpgevqbq.fic
31,The Sing Connection,server/files/wnespdietqqrzsrtmxccttgtsuwdickizea.fic
43,Musicis,server/files/cmrngmgqnxpjuonxzktpcwevbtvlywhhohj.fic
28,Listenid,server/files/ijgngtnmaqwtyasdidskwzahveafshqpgwj.fic
34,Listen Logic,server/files/cmrngmgqnxpjuonxzktpcwevbtvlywhhohj.fic
79,Enlisten,server/files/kghibskilebpbtxjdxudonaedltgnmswvrz.fic
93,Listen Mark,server/files/vokamnnhzeaddhpnucvgmuqbnkpytxwqoef.fic
54,Listenist,server/files/pwfkdsoqwtgteskujgseeonboqlsyjbvbcm.fic
84,Listen Play,server/files/ijoftprkqncdkkkguanrjxxckujasdfnmmt.fic
80,Musical Design,server/files/tsimkwvnrwbwmdnmxmridgrrhlqjjimtbdv.fic
84,Musical Focus,server/files/cmrngmgqnxpjuonxzktpcwevbtvlywhhohj.fic
80,Musical Flow,server/files/macbbgwuaqflwcrxxrdzxutweakwifbnfgv.fic
80,Musical Press,server/files/rlszeuwihvmlbjaijocfaldloholvnukfuf.fic
93,Musical Space,server/files/cmrngmgqnxpjuonxzktpcwevbtvlywhhohj.fic
66,Meta Musical,server/files/cmrngmgqnxpjuonxzktpcwevbtvlywhhohj.fic
56,Musical Vibe,server/files/cmrngmgqnxpjuonxzktpcwevbtvlywhhohj.fic
34,The Musical Project,server/files/tibqqjqoprjskpchjcfriglyhsfxcdilija.fic
60,Musical Solutions,server/files/tibqqjqoprjskpchjcfriglyhsfxcdilija.fic
38,Musical Grid,server/files/tibqqjqoprjskpchjcfriglyhsfxcdilija.fic
4,The Musical Studio,server/files/deiamxyusflhjaxrbbwftclzmdkaelputyv.fic
93,Harmony Glow,server/files/bmcktojtnatmhfyxtwjfttuvxrfydgkiwdw.fic
17,Harmony Center,server/files/tibqqjqoprjskpchjcfriglyhsfxcdilija.fic
28,Harmony Load,server/files/khlyukjwmkqmwjnfbhgxwwkzfsnuccvckct.fic
93,Harmony Dock,server/files/nofmtsimpqpmuuhmseymoyfigoamnxcgikm.fic
21,The Harmony Club,server/files/shbgrkgtcpnzkiwrmhmjnyxhuggascmnzvc.fic
14,Harmony Hub,server/files/rokshtsmxwuneavrrlrjpbvosvvsnyvnock.fic
11,Jazz Scale,server/files/wthwbwdqydnfneqkacpnhndjcdpgnrpdtfx.fic
11,Musician Storm,server/files/eybzawchxmgnymsttipiznpriaxxujoworr.fic
71,Musicianness,server/files/jelkljtbusjkykfbagwvqqmjpqcafdbaaej.fic
4,The Musician Group,server/files/tqeoanxwzoyrfynaaayywymrxiqogqbfrpk.fic
54,Musicianary,server/files/tqeoanxwzoyrfynaaayywymrxiqogqbfrpk.fic
27,Singic,server/files/tqeoanxwzoyrfynaaayywymrxiqogqbfrpk.fic
68,Sing Fuel,server/files/upvtuizeaajhwxlozappcxrwqqqnfrsnmel.fic
16,Sing Spark,server/files/kwkmhlizhyjovxallhwzcodgamgfukfygoi.fic
31,Sing Corp,server/files/fyfucgkpdbyvlmayrdyvbksaqesrpfoshga.fic
56,Sing Work,server/files/tibqqjqoprjskpchjcfriglyhsfxcdilija.fic
49,Sing Light,server/files/crrsikilnguuornzmpxphlljconzgjbhrvn.fic
30,Sing Hub,server/files/fqsbuucozacqkhgnzieftarijukjtuggopf.fic
59,Sing Aid,server/files/tibqqjqoprjskpchjcfriglyhsfxcdilija.fic
43,The Sing Connection,server/files/ratcrfgkbtcouhuuvwmtyxyuvypzpcycbue.fic
55,Musicis,server/files/exummvttyyjoxpnfmkpccmpckfriyscgnum.fic
30,Ensheet,server/files/brsuavitruxhrimwwzaltokfxwqxczinxuk.fic
55,Sheet Grid,server/files/lfaqrcoafmvlldvvzkrlsldgxlmmmpaghta.fic
28,Musically Scape,server/files/joktiosmolfjikljjksuonqysbrayxkmalr.fic
28,Domusically,server/files/hymxaguczttwozzqscqvqhkhmkyuyexjdxn.fic
17,Musically Spot,server/files/gaadcvvmbngxlmljrofysmcejkkzutffacx.fic
55,Gomusically,server/files/goqgqzruetszuilozbljovxzwhpzwccawuu.fic
21,Core Musically,server/files/tcjslnokbyppoqhqeslhbnwmyyxqcibhuab.fic
80,Musically Products,server/files/ocquqzmlxsylbaxyjmnptnjhvyzoxqqbwvj.fic
54,Musically Fit,server/files/dbzdjozspujhjzuyyhzwzzggfwslmwnzvep.fic
68,Popium,server/files/jhbldfoiacnymriktmueqyayriunuxypilv.fic
79,Poper,server/files/oodjyexpfaodchlbpwqvsmjobphzejjtfwf.fic
26,Pop Push,server/files/sldatpquwzpxscfxdiuxtqzitzdcnahctmr.fic
30,Pop Plus,server/files/yhsifzoiamrrpsvomtxrpjmpzihikxebtzx.fic
59,Pop Scout,server/files/oeqihjfoknuostelgwvwtbuomolkxgpnsjf.fic
66,Genre Vibe,server/files/stqalenqngcjecjpfjajsslluxfnoqfewul.fic
56,Genreked,server/files/tkfmvthysjgntwlhglzynnycjdmgxuyjrln.fic
15,Genre Port,server/files/abktlfbhbyxscwhuaptvwfypcjbsuehdogx.fic
26,Genre Most,server/files/csdpntehbjngmnhilndrwzpgjhglqkwfehi.fic
53,Solid Genre,server/files/zczfjtlfwyblxvmnsmdhihvfhmywkdrsdld.fic
17,Genre Atlas,server/files/izufyhgaizsdiqfaxucewcqzuilwuizjrmo.fic
9,Rock Prime,server/files/taezvxzymuaojmqjwkxebcfbkhzdgsqfnrx.fic
93,Rock Logic,server/files/ofzvzzjdcbunyaaagaotlhtnuzpjbxeyoey.fic
66,Rock Tilt,server/files/jzdnwpcjkddimkclqhhzuplqyogflcagggx.fic
66,Rock Bay,server/files/uhdxbgtidunhvioqcltgoragokinzsxumvn.fic
49,Solid Rock,server/files/ltedfgmgfcbpjagqwowhvxsrmedhnhzopov.fic
5,Rock Space,server/files/dbaxetvntuoftizvjgcakfrmstwueoqjysp.fic
28,Rockler,server/files/pgzwixpttpdqemcekczveklkynmikponzrm.fic
9,Rock Engine,server/files/efeqdtccdgimidqvayqjcyskzglvyrxrcsw.fic
99,Upjazz,server/files/rmhtwyobcsmgmizbenoiyywgfjlzzzzdozm.fic
55,Jazz Dock,server/files/vsmmgamycfswkagteaadnnjbnfnjclcazmf.fic
89,Jazzism,server/files/txypwhneergfaohisyvsaoekcamcumeqpjw.fic
54,Jazz Scale,server/files/dvjazwqqewwucobcgthkzkwlxrgtavflxjm.fic
60,Musician Storm,server/files/tqeoanxwzoyrfynaaayywymrxiqogqbfrpk.fic
18,Musicianness,server/files/ebqdoufirfbpinlifubymfegmqydhxddvbl.fic
60,The Musician Group,server/files/hbjlijygasesazdpfcnhybxlqnabxsugdtw.fic
31,Musicianary,server/files/dkzwyplhpjrrivipwvqtjreylcnzlaorbow.fic
97,Singic,server/files/unvdlolzcouwqulwigbrltqfronhoiharyp.fic
97,Sing Fuel,server/files/jknxqotexhzwguntmjzqvqafnjqcmzzyomj.fic
17,Sing Spark,server/files/ftvzjfsrtldgxlznowsezpzioyqeqepuxpv.fic
42,Sing Corp,server/files/tqeoanxwzoyrfynaaayywymrxiqogqbfrpk.fic
34,Sing Work,server/files/wheinhthmqkicjxipjitcqmprpwwdfngmpu.fic
4,Sing Light,server/files/uzwtbpjiureudcgzpvrjajgvtxstjrjgvqg.fic
20,Sing Hub,server/files/ksdiabfmrxgsuumudrjzrsdqnfnudbsypyt.fic
100,Sing Aid,server/files/ulngehhqyvmfzbyetmasnqsafvpjjueupys.fic
79,The Sing Connection,server/files/azkwdrlxgnrepjjsfgzbbrqylsthhcijxbh.fic
100,Musicis,server/files/zgqfssaeqxcehiogynevgjmlecdwnmsdmbp.fic
36,The Groove Group,server/files/klmzzzmoqzrjccykmauciojlrfilbixmapv.fic
15,Listen Leader,server/files/tqeoanxwzoyrfynaaayywymrxiqogqbfrpk.fic
9,Jam Method,server/files/ivzthrphcovwsztjcrgahlqcgpdpvtzfdya.fic
27,Listen Barn,server/files/tqeoanxwzoyrfynaaayywymrxiqogqbfrpk.fic
10,Listen Guru,server/files/kcjuirmztbmgzqkhsvlnmuogpjqnneipklw.fic
