title,duration,date,is_live
Mask Off,205,2017-08-09 11:42:31,0
Redbone,327,2019-11-23 04:34:40,0
Xanny Family,186,2017-03-06 15:39:01,0
Master Of None,199,2019-09-12 21:58:04,0
Parallel Lines,393,2021-08-21 18:41:59,0
Sneakin’,251,2016-08-26 13:22:42,0
Childs Play,241,2023-02-17 09:49:10,0
Gyöngyhajú lány,350,2021-06-09 20:57:39,0
I've Seen Footage,203,2018-04-12 20:10:10,0
Digital Animal,227,2022-05-28 18:54:02,1
Subways - In Flagranti Extended Edit,358,2020-12-15 12:26:56,1
Donme Dolap - Baris K Edit,325,2016-05-22 04:16:17,0
Cemalim,357,2017-11-11 18:32:25,0
One Night,243,2021-05-18 04:25:00,0
Oh lala,247,2016-01-22 00:50:38,0
Char,188,2021-10-29 06:14:31,0
World In Motion,271,2020-04-12 22:27:57,0
One Nation Under a Groove,448,2016-02-05 10:27:42,0
Bouncin,195,2020-12-30 02:11:01,0
C O O L - Radio Edit,214,2017-06-30 01:25:06,0
Percolator (Jamie Jones Vault Mix) - mixed,249,2020-10-20 23:18:42,0
House of Jealous Lovers,308,2020-12-03 08:16:48,0
Imma Ride,287,2017-10-03 06:08:40,1
Girlfriend,133,2021-05-20 12:39:29,0
If I Gave You My Love,203,2017-05-21 13:51:08,0
This Ready Flesh,205,2018-03-16 21:55:41,0
Lose My Mind,200,2015-11-29 11:22:54,0
Char,188,2015-07-09 03:55:48,0
Look Alive,229,2017-11-24 16:25:31,0
Please Stop Making Fake Versace,186,2018-05-31 16:06:39,0
Milly Rock,221,2022-09-11 21:30:27,0
Blasa,285,2018-04-03 15:48:50,0
Best Friend,213,2019-05-25 10:39:47,0
Hercules,281,2018-04-10 22:24:26,0
Who Be Lovin Me,233,2022-07-09 20:26:40,0
Check,231,2018-02-21 14:45:09,0
Poppin' My Collar,176,2016-04-18 23:49:52,0
Jumpman,206,2020-03-24 11:11:50,0
Somebody's Watching Me,237,2016-11-03 01:19:24,0
Bang That,325,2020-02-20 03:25:47,0
I Don't Sell Molly No More,186,2017-11-18 00:22:41,0
Versace Python,183,2016-04-24 17:48:30,0
Monster,379,2015-09-24 15:21:01,1
OOOUUU,235,2020-02-18 03:27:58,0
Return Of The Mack - C & J Street Mix,213,2021-03-09 03:45:46,0
Fantastic Man,386,2023-03-03 06:15:57,0
Right Place Wrong Time,175,2016-10-13 16:48:24,0
Azon de ma gnin kpevi,253,2022-06-06 01:10:17,0
Odofo Nyi Akyiri Biara,577,2021-12-12 08:16:22,0
Annie,241,2021-07-28 20:35:04,0
The Chase,224,2016-10-18 15:22:18,0
Coming Home,216,2021-05-09 09:11:02,0
Wishes,287,2018-12-16 20:59:54,0
White Iverson,255,2022-02-13 07:04:25,0
I Know There's Gonna Be (Good Times),214,2021-06-17 15:22:55,1
Loud Places,283,2018-08-13 08:14:34,0
L$D,238,2019-09-25 09:19:25,0
Dopeman,113,2020-01-01 06:33:21,0
California Nights,311,2016-09-16 05:56:36,0
Baby,287,2019-10-05 10:15:26,0
Ain't No Love In The Heart Of The City,225,2015-07-11 11:21:27,0
Fail to Cry,294,2022-01-08 01:48:41,1
Ikimiz Bir Fidaniz - Baris K Edit,224,2018-07-13 08:07:25,0
Sentimental Trash,186,2019-09-29 23:35:24,0
Get Away,279,2022-05-02 18:01:06,0
Look At Wrist,214,2017-05-25 04:16:50,0
Our Love,334,2023-01-11 11:04:50,0
I Ain't Trippin off Nothin,134,2018-05-25 02:38:10,0
They Don't Know - Original Mix,331,2021-09-08 04:14:52,0
Sabali,197,2015-10-23 11:11:09,0
Spooky,155,2021-09-26 10:13:50,0
Pick Up The Pieces,240,2015-11-17 01:52:46,0
Have Love Will Travel,160,2019-03-22 09:15:29,0
Capitol,294,2018-06-27 10:30:19,1
Uncast Shadow Of A Southern Myth,387,2018-05-23 15:59:22,0
I Shall Be Released - Remastered,232,2019-05-09 23:44:47,0
Words I Don't Remember,378,2016-02-13 07:56:01,1
To The Top,197,2019-12-21 04:32:30,0
Them Changes,187,2023-02-10 16:28:09,0
Aquafina,221,2016-04-17 13:58:14,0
Hot Blur,201,2021-07-12 16:52:50,0
Summer Madness,258,2019-10-24 04:30:36,0
The Payback,460,2016-03-13 18:08:23,1
I'm In Love,276,2015-05-20 18:04:57,0
I Need You Tonight,430,2019-11-16 14:30:03,0
Everybody Likes Something Good,206,2021-06-29 09:41:52,0
Dadje Von O Von Non,235,2017-12-31 21:21:47,0
Sugah Daddy,303,2020-01-15 04:05:30,0
International Players Anthem,322,2019-04-05 16:56:39,1
Swerve,268,2020-03-15 11:08:43,0
Look At Wrist,213,2019-12-28 10:13:20,0
Let It Happen,468,2015-10-12 09:45:11,0
My Way,213,2015-07-14 21:32:43,0
Walk,214,2017-01-18 21:40:28,0
The Magnificent Seven - Remastered,334,2022-03-29 01:01:23,0
NOBO,247,2016-09-08 03:28:48,0
The Gaudy Side of Town,427,2021-07-04 01:05:20,0
U Mad,300,2016-05-26 05:13:58,0
Slumlord,316,2016-02-24 21:04:38,0
Leave A Trace,237,2018-05-20 19:54:15,0
Willing & Able,293,2016-10-28 14:29:19,0
White Girl,237,2017-10-08 11:19:52,0
Maneuvering,213,2017-03-24 18:44:43,1
Be My Baby,161,2017-12-03 04:48:40,0
Why Don't They Let Us Fall in Love,159,2016-10-07 01:51:00,0
Will You Love Me Tomorrow,162,2020-02-03 16:07:32,0
One Fine Day,127,2023-04-09 06:03:52,1
He's So Fine - 2000 Digital Remaster,111,2016-08-14 14:22:28,0
Then He Kissed Me,159,2018-05-20 03:06:24,0
It's My Party,142,2022-10-10 20:37:51,0
Please Mr. Postman,149,2023-05-18 12:01:42,0
Fiesta - Remix,196,2018-05-20 07:18:27,0
Queen's Speech 4,197,2017-10-26 12:27:58,0
I Know There's Gonna Be (Good Times),214,2021-06-12 01:14:39,1
With That,203,2016-12-20 04:32:33,0
Hotline Bling,267,2022-10-27 03:50:10,0
679,197,2018-12-16 17:57:03,1
Trap Queen,222,2020-05-20 09:56:50,0
No Type,200,2022-05-19 20:23:20,0
Chasing Heaven,319,2023-04-19 11:51:10,0
Speakerbox,282,2018-10-23 01:46:30,0
Movin' Bass - GTA Remix,254,2015-07-24 19:26:22,0
Danger and Dread,226,2018-06-10 08:19:15,0
Midnight City,241,2020-07-14 01:54:31,0
Water No Get Enemy - Edit,592,2016-09-24 15:00:31,0
Pyramids,593,2021-10-10 02:12:44,1
Hercules Theme,270,2016-01-24 20:37:15,0
Rewind,238,2022-02-25 21:26:22,0
My Sub (Pt. 2: The Jackin') - Album Version (Edited),251,2019-06-17 18:46:22,0
Kush,222,2017-10-18 21:10:28,0
9,254,2020-05-15 21:50:17,0
Magnets,199,2020-01-17 10:11:37,0
Don't Move,258,2017-10-21 03:45:15,0
Pussy,248,2021-09-07 10:20:43,1
Black Mags,191,2021-06-10 08:13:55,0
Stay Fly - Explicit Album Version,238,2019-05-21 18:14:31,0
Sippin On Some Syrup,262,2021-03-24 12:36:27,0
Gold and a Pager,228,2016-08-14 14:07:46,0
Smell Yo D*ck,225,2022-10-12 14:24:31,0
Don't Wanna Lose,147,2022-05-12 15:35:39,0
Endless Rhythm,194,2019-03-01 00:45:33,0
Demon,220,2021-02-10 08:54:47,0
Nothing Ever Happened,351,2019-07-25 23:56:19,0
Oh My Darling Don't Meow (Just Blaze Remix),227,2022-07-02 14:16:24,0
River,252,2017-05-08 08:07:05,0
All Day,311,2022-04-18 00:07:27,0
Blood On the Money,282,2022-05-07 04:39:55,0
River,239,2017-02-08 00:49:53,0
Trust Me Danny,244,2016-07-31 13:58:01,0
Big Rings,218,2021-10-31 21:21:57,0
Annie,242,2022-04-02 20:01:23,0
Acamar,501,2022-12-23 04:02:24,0
Alright,219,2020-10-08 18:27:47,0
Know Yourself,276,2016-09-12 04:25:59,0
Deicide,294,2023-04-24 17:10:33,0
Coming Home,206,2017-03-31 01:25:45,0
Hercules Theme 2014,176,2022-02-13 20:17:42,0
Forever,256,2020-09-05 19:36:18,0
Next to You,263,2017-10-31 23:11:46,0
Papi Pacify,294,2020-07-05 20:20:33,0
Magnolia,236,2017-02-07 14:06:32,0
Dark Matter,237,2023-02-07 03:26:25,0
Wu-Tang Forever,218,2016-05-04 16:48:28,0
Fame (2007 Remastered),261,2019-02-09 16:07:27,0
We Dem Boyz,225,2015-10-21 05:08:55,0
Ego Free Sex Free,243,2018-11-28 09:09:08,0
Her Fantasy,374,2018-11-23 08:43:41,0
Little People (Black City),561,2019-03-14 10:09:05,0
Confess To Me,250,2022-11-22 09:34:41,0
Let Me Show You Love,356,2022-04-03 02:44:53,0
New Slaves,256,2021-11-27 01:15:55,0
Sexy Socialite,336,2020-06-12 23:31:36,0
Okay,274,2016-06-07 06:28:25,0
Weight,230,2021-01-23 10:18:20,0
When A Fire Starts To Burn,284,2017-09-15 06:36:41,0
When A Fire Starts To Burn - Midland Remix,309,2022-02-27 05:20:10,0
Fake Tales Of San Francisco,180,2015-11-11 19:18:22,0
Billie Holiday,405,2017-10-21 18:30:54,0
Goody Two Shoes,270,2019-06-02 14:39:34,1
The Wire,245,2019-11-05 23:00:05,0
Awake,284,2017-10-20 09:35:12,0
Man I Need,217,2019-01-30 05:00:45,0
N.O. Bounce,247,2019-08-04 06:58:31,1
Now Is Not The Time,225,2018-12-24 18:28:38,0
No Rest For The Wicked,223,2020-09-14 22:06:45,0
Holdin On,154,2019-03-29 09:16:12,0
Rocking Chair,231,2021-04-20 16:36:46,0
Marriage,281,2018-03-11 15:23:03,0
Ride On / Right On,225,2019-02-17 04:37:07,0
GodLovesUgly,230,2019-07-14 20:16:43,1
New York City,195,2016-09-14 18:21:14,0
Moving to the Left,323,2017-06-27 00:41:51,0
All These Things That I've Done,302,2016-09-21 13:21:00,0
Junk of the Heart (Happy),187,2020-05-11 07:16:48,0
Mercy,332,2020-01-01 05:20:13,0
Don't You Evah,214,2018-10-13 13:30:32,0
We Exist,344,2020-09-11 22:52:17,0
Le Goudron (Edit),213,2020-12-10 11:13:18,0
Double Bubble Trouble,179,2015-09-12 12:20:58,0
Careless,392,2021-11-04 18:04:56,0
Look at You,280,2017-11-23 06:49:28,0
How Did I Get Here,131,2015-06-30 20:13:32,0
Black Out Days,227,2021-07-02 10:18:24,0
Bang! Bang!,248,2016-12-14 22:16:04,0
Every 1's A Winner - Single Version,289,2021-07-15 14:52:52,0
Unbound,202,2022-08-23 16:00:44,0
Operate,216,2022-02-05 18:23:06,0
Blood On The Leaves,360,2023-01-05 08:43:04,0
Come Save Me,315,2020-03-08 23:11:26,0
Hannah Montana,213,2021-09-28 22:01:55,0
High School Lover,219,2021-03-18 20:58:54,1
They Come in Gold,203,2016-06-04 23:39:51,1
Tides of Neptune,215,2019-07-07 15:13:10,0
Cocaine Model,255,2021-08-04 07:31:50,0
Light House,287,2023-03-05 06:23:08,0
Pass The Dutchie,200,2017-04-18 08:47:36,1
Words I Don't Remember,378,2018-05-16 14:02:26,0
I Would Die 4 U,179,2017-06-03 03:34:36,0
Bless My Soul,357,2023-01-26 05:13:29,0
Heaven And Hell Is On Earth,313,2022-07-30 21:28:28,0
Upper Echelon,244,2019-07-12 17:24:55,0
Flying High (Part 1),385,2021-09-23 23:27:30,0
Go,241,2018-03-16 16:40:26,0
Spill The Wine,242,2017-01-15 14:40:31,0
Got To Give It Up (Part 1),248,2022-06-02 07:59:27,0
Never Gonna Give You Up,286,2021-05-08 11:26:18,0
Sanctified,290,2018-09-12 18:01:31,0
It #1,152,2018-08-03 16:36:33,0
Counting,222,2021-01-15 13:44:18,0
You're the Best,175,2017-06-25 06:00:36,0
Estrelar,313,2020-07-20 23:40:04,0
Hold On We're Going Home,191,2016-12-08 00:32:51,0
Uncle ACE,257,2020-03-01 20:11:28,0
San Francisco,228,2016-08-16 16:44:04,0
Stay High - Habits Remix,258,2023-01-22 15:37:59,0
Crosstown Traffic,139,2017-10-30 08:37:24,0
Marijuana,181,2017-05-03 02:20:29,0
Crown Violet - Bonus Track,188,2019-08-29 22:01:52,0
Glad I Met You,202,2018-02-18 02:56:22,0
Dancing In The Rain,266,2015-06-17 00:22:13,0
You Know I'm No Good - Ghostface UK Version,203,2017-11-03 16:39:40,0
Kill V. Maim,246,2022-12-25 10:42:30,0
Life Round Here,217,2017-11-08 06:48:15,0
Clouds Over the Pacific,244,2021-07-16 06:53:54,0
Distant Land,239,2022-11-09 09:27:02,0
Flashlight,268,2022-12-09 18:15:28,1
Can You Get To That,172,2019-08-13 08:06:57,0
Better,186,2016-05-18 10:38:42,0
Pony,217,2017-03-15 09:56:46,0
Again,312,2018-06-17 08:35:08,0
Exchange,195,2019-03-14 10:09:05,0
Sugar for the Queen,238,2022-11-22 09:34:41,0
Symphony of the Nymph,275,2022-04-03 02:44:53,0
Cool It Now,348,2021-11-27 01:15:55,0
Jumpin' Jack Flash,216,2020-06-12 23:31:36,0
River,252,2016-06-07 06:28:25,0
You Know You Like It - Bondax Remix,192,2021-01-23 10:18:20,0
Batuque (Jeremy Sole & Atropolis Remix),230,2017-09-15 06:36:41,0
So Destroyed (channeling Rage Peace),154,2022-02-27 05:20:10,1
Bitch,207,2015-11-11 19:18:22,0
Locket,181,2017-10-21 18:30:54,0
Apathy,326,2019-06-02 14:39:34,0
It All Feels Right,246,2019-11-05 23:00:05,1
Last Chance to Dance,223,2017-10-20 09:35:12,0
The Righteous One,216,2019-01-30 05:00:45,0
The New International Sound,283,2019-08-04 06:58:31,0
Like Lust,282,2018-12-24 18:28:38,0
Rhythm of Devotion,362,2020-09-14 22:06:45,0
Zion Gate Dub,190,2019-03-29 09:16:12,0
Enjoy The Silence - Remastered Version Original,254,2021-04-20 16:36:46,0
Fried Neck Bones And Some Home Fries - Dan The Automator Remix,271,2018-03-11 15:23:03,0
Archangel,238,2019-02-17 04:37:07,0
Skyscraper,207,2019-07-14 20:16:43,0
I Want You - Single Version,217,2016-09-14 18:21:14,0
Bam Bam,197,2017-06-27 00:41:51,0
Alright,218,2016-09-21 13:21:00,0
Rainy Streets,156,2020-05-11 07:16:48,0
Hazelton Trump,168,2020-01-01 05:20:13,0
Free Stress Test,257,2018-10-13 13:30:32,0
I'm Ya Dogg,278,2020-09-11 22:52:17,0
Hot Dreams,293,2020-12-10 11:13:18,0
The Hills,242,2015-09-12 12:20:58,0
"When They Fight, They Fight",200,2021-11-04 18:04:56,0
The River,274,2017-11-23 06:49:28,0
Rill Rill,230,2015-06-30 20:13:32,0
Awake,372,2019-03-14 10:09:05,0
Johnny Was,228,2022-11-22 09:34:41,0
Monster Mash,192,2022-04-03 02:44:53,0
Night on Bald Mountain,660,2021-11-27 01:15:55,1
Feel The Volume,230,2020-06-12 23:31:36,0
Kathy Lee,249,2016-06-07 06:28:25,0
Love Buzz,226,2021-01-23 10:18:20,0
Auditorium,274,2017-09-15 06:36:41,0
Disco Devil,472,2022-02-27 05:20:10,0
Frontier Psychiatrist,288,2015-11-11 19:18:22,0
Had Ten Dollaz,252,2017-10-21 18:30:54,0
Sometimes,242,2019-06-02 14:39:34,0
VHS Sex,265,2019-11-05 23:00:05,0
Ambling Alp,235,2017-10-20 09:35:12,0
All Day And All Of The Night,141,2019-01-30 05:00:45,0
