user_id,title
1,Song Base
1,Domusically
2,Songise
4,Chords Stock
5,Rock Bay
5,Song Lab
6,Song Specials
7,Sheet Grid
8,Harmony Load
9,Musical Flow
9,Sing Fuel
10,Musical Space
10,Listen Play
11,Listen Barn
11,Song Specials
12,Musical Grid
12,Jazzism
12,Musicianary
12,Gomusically
14,Enlisten
14,Songeable
15,Musical Press
17,Pop Push
17,Upjazz
17,Rock Prime
19,Musical Design
20,The Harmony Club
20,Start Compose
21,Solid Genre
23,Musical Press
23,The Chords Factory
24,Musical Vibe
24,Sheet Gram
25,Song Specials
25,Harmony Glow
25,Listen Play
25,Sheet Grid
26,Sing Corp
26,Enlisten
26,Musically Scape
27,Meta Musical
28,Sing Light
29,Jam Method
29,Harmony Hub
31,Rock Logic
33,Musically Scape
35,Musicianness
37,Song Click
38,Listenity
40,Real Harmony
41,Harmony Plus
42,Songeable
43,Listenist
44,Real Harmony
44,Solid Rock
47,Popium
47,Rock Tilt
49,Musical Flow
49,The Musical Project
50,The Musical Studio
51,Singic
52,Songise
52,Musical Space
52,Composeium
53,Harmony Hub
53,Rock Space
55,Sing Corp
57,Sing Light
57,Enlisten
58,Song Atlas
59,Musical Space
60,Listen Mark
61,Listenly
61,Listenian
61,Jazz Scale
61,Listenian
61,The Harmony Club
62,Musical Solutions
63,Songise
63,Orchestra Lab
64,Rock Space
64,Harmony Center
64,Sheet Gram
64,Popium
66,Musical Design
66,Listenid
66,Musical Grid
68,Harmony Dock
70,Solid Rock
71,The Chords Factory
71,Sing Hub
73,Meta Musical
73,Genreked
73,Musical Press
74,Harmony Center
74,Listen Logic
75,Musically Scape
75,Genre Most
77,Harmony Click
78,Chords Yard
78,Sheet Gram
79,Gomusically
81,Pop Scout
81,Genre Atlas
83,Listen Leader
83,Musically Products
85,Harmony Blend
86,Listenity
87,Harmony Load
88,Musician Storm
89,Chords Dash
91,Musically Spot
92,Listen Logic
93,Harmony Value
94,Song Atlas
95,Harmony Click
95,Musicis
99,Song Solutions
101,Genre Atlas
101,Composeium
104,Harmony Click
105,Listen Play
106,Harmony Blend
106,Start Compose
111,Song Base
112,Musical Vibe
112,Listenly
112,Musicianness
112,Pop Plus
112,Musician Storm
112,Songeable
112,The Musical Studio
112,Musically Spot
112,Rock Engine
112,Harmony Blend
113,Core Musically
113,Harmony Value
115,Chordsify
116,Sing Aid
116,Chordsify
116,Musically Fit
118,Musicianary
119,Song Click
120,Musical Solutions
121,Domusically
121,Rock Logic
122,Poper
122,The Sing Connection
123,Listenid
123,Orchestra Lab
123,Upharmony
123,Rockler
125,Genre Port
125,Listen Guru
125,Genre Vibe
128,Harmony Load
128,Meta Musical
128,Harmony Center
128,Ensheet
133,Genre Port
134,Core Musically
135,Jazz Dock
135,The Harmony Club
136,Song Atlas
136,Upjazz
137,Rock Bay
137,Rock Engine
137,The Groove Group
139,Listenid
139,Rock Tilt
139,Real Harmony
140,Listen Logic
140,Musically Spot
142,Pop Scout
143,Sing Spark
143,Harmony Hub
144,Chordsify
144,Gomusically
144,Pop Push
145,Song Solutions
146,Song Click
148,Listen Mark
148,Harmony Glow
149,Sing Work
152,Chords Yard
153,Jazz Dock
153,Singic
153,Chords Yard
154,The Musical Project
155,Rockler
155,Song Lab
156,Musically Products
156,Sing Hub
156,Musical Grid
157,Musical Solutions
157,Chords Dash
158,Composeium
160,Start Compose
161,Listenian
161,Rock Prime
161,Core Musically
162,Musically Fit
162,Listen Mark
164,Song Lab
168,Ensheet
168,Harmony Dock
169,The Musician Group
171,Chords Stock
173,Listenist
174,Poper
175,Upharmony
175,Listenity
175,Musical Vibe
175,Solid Genre
176,Orchestra Lab
177,Harmony Glow
177,Harmony Plus
177,Song Base
178,Musical Focus
179,The Musical Project
180,The Chords Factory
180,Sing Spark
181,Musical Focus
181,Musical Focus
182,Chords Dash
182,The Musician Group
184,Sing Fuel
184,Musical Flow
185,Harmony Dock
185,Listenly
186,Ensheet
187,Pop Plus
187,Musically Products
189,Listenist
189,Harmony Value
190,Genreked
190,Sheet Grid
191,Domusically
191,Musically Fit
192,Jazzism
193,Genre Most
193,Upharmony
193,Harmony Plus
195,Chords Stock
195,Genre Vibe
195,The Musical Studio
196,Sing Work
198,Song Solutions
199,Jazz Scale
199,Musical Design
